ts,node,bytes_read,bytes_written,bytes_in,bytes_out,ff_in,ff_out,queued_count,queued_bytes,ffrepo_used,content_used,prov_used,heap_used,gc_ms
1788781529,nifi-0,66540507890,91705360696,0,0,0,0,16445,8622022981,10485760,17721720832,33554432,2659993928,885
1788781531,nifi-1,73951937126,103685096227,0,0,0,0,23017,12067814706,16252928,19251855360,47972352,1751582896,1128
1788781534,nifi-2,52990462680,75484785241,0,0,0,0,16389,8592663022,11796480,20154679296,99876864,2682254184,874
1788781545,nifi-0,67912077993,93517366766,0,0,0,0,16371,8583225240,20447232,25024528384,46399488,666959888,911
1788781547,nifi-1,69627008844,97394505113,0,0,0,0,20885,10949977648,8126464,25769541632,58458112,196096192,1170
1788781549,nifi-2,44463234258,63822103147,0,0,0,0,16360,8577457981,7340032,25769803776,109576192,1329907800,914
1788781561,nifi-0,67266673862,92420534651,0,0,0,0,16337,8565400488,9699328,18206949376,50331648,289619288,981
1788781564,nifi-1,64180073887,89264129128,0,0,0,0,20899,10957317992,18874368,20238041088,60817408,1282607184,1220
1788781566,nifi-2,38235114913,54028670910,0,0,0,0,16360,8577457981,6291456,9844817920,109576192,194318256,963
1788781578,nifi-0,74726952115,102408066145,0,0,0,0,16404,8600527914,13631488,21995978752,62914560,1710501688,994
1788781581,nifi-1,69871361190,96915346103,0,0,0,0,20839,10925859919,11534336,19887030272,70516736,2015103904,1255
1788781583,nifi-2,43503765547,61709177059,0,0,0,0,20176,10578241219,7864320,17230462976,114819072,1391794112,980
1788781595,nifi-0,83238454679,113740449230,0,0,0,0,16361,8577983127,11796480,20500447232,81526784,1619001344,1025
1788781597,nifi-1,76869704626,106619189195,0,0,0,0,22913,12013286622,10485760,19471269888,86769664,2213781000,1296
1788781599,nifi-2,50945219092,71027766192,0,0,0,0,16456,8627789824,14417920,22888579072,33292288,2114020032,1000
1788781611,nifi-0,89597700923,122280891244,0,0,0,0,16435,8616781154,10747904,25769541632,91488256,829713744,1053
1788781612,nifi-1,81638770689,112699093662,0,0,0,0,21086,11055362565,9175040,25380519936,95944704,1930383704,1313
1788781613,nifi-2,53209675007,74047253026,0,0,0,0,16356,8575361193,8388608,25769541632,55574528,2695102144,1021
1788781625,nifi-0,90831380695,123955003551,0,0,0,0,16491,8646141425,7602176,12618039296,84410368,1580494160,1053
1788781627,nifi-1,84606817486,116974264114,0,0,0,0,22641,11870672993,17825792,19066781696,99352576,2165303592,1328
1788781629,nifi-2,58731088656,81476163322,0,0,0,0,16375,8585323029,9175040,21684813824,61341696,1345303616,1076
1788781641,nifi-0,98740967069,134727398562,0,0,0,0,17865,9366550083,18874368,21949317120,94109696,1032182656,1081
1788781643,nifi-1,91091355497,125860202053,0,0,0,0,23952,12558048062,14942208,24016322560,98828288,888938624,1360
1788781646,nifi-2,66151520254,91503014583,0,0,0,0,16523,8662918719,6815744,24405868544,59768832,2167584072,1116
1788781658,nifi-0,103293475382,141199438434,0,0,0,0,17552,9202441777,10747904,21494497280,103809024,1798725272,1093
1788781659,nifi-1,92786438752,127890871761,0,0,0,0,22419,11754276949,10485760,25769803776,101449728,2449580320,1395
1788781661,nifi-2,70609100433,98745723287,0,0,0,0,18593,9748247633,7602176,17421303808,66060288,1447577360,1163
1788781673,nifi-0,106662124543,145574804275,0,0,0,0,16492,8646664439,9699328,21909733376,107216896,887572584,1104
1788781674,nifi-1,92789584480,127956932127,0,0,0,0,22539,11817191587,8912896,15810428928,103809024,2484232560,1409
1788781676,nifi-2,74320591488,104114056735,0,0,0,0,21202,11116186460,9961472,16138371072,71041024,1455389712,1181
1788781687,nifi-0,112424234198,152165431827,0,0,0,0,16516,8659247312,7077888,19135725568,117702656,2527706144,1119
1788781689,nifi-1,95591510540,130266096848,0,0,0,0,21969,11518336754,20185088,20450115584,111411200,310221704,1438
1788781690,nifi-2,73333879249,102456231767,0,0,0,0,20180,10580334315,8912896,12671778816,75497472,245893008,1199
1788781703,nifi-0,107027654705,143528618945,0,0,0,0,16394,8595285190,17301504,21201420288,123207680,1620125168,1135
1788781705,nifi-1,97031762657,132204458458,0,0,0,0,23706,12429065219,9437184,24857542656,118751232,2019806320,1454
1788781707,nifi-2,69746085738,97054312934,0,0,0,0,23367,12251331392,10223616,19759104000,82313216,983449024,1215
1788781720,nifi-0,106807450456,143172094356,0,0,0,0,16373,8584275441,22020096,25206980608,145227776,1823123224,1163
1788781722,nifi-1,90162916394,122776916650,0,0,0,0,21950,11508372058,11534336,18116509696,122421248,820206656,1473
1788781724,nifi-2,68608878858,94060049696,0,0,0,0,24613,12904618966,9961472,22131245056,92536832,1128441064,1239
1788781736,nifi-0,101265226636,137813201262,0,0,0,0,18139,9510215356,9175040,24038342656,153878528,1916475112,1197
1788781738,nifi-1,88687559471,120189508414,0,0,0,0,22370,11728582118,12845056,20085473280,142082048,885563696,1508
1788781741,nifi-2,63495363938,87237228873,0,0,0,0,24486,12838033597,11272192,17282629632,88080384,2357372136,1239
1788781752,nifi-0,101870285317,138460218193,0,0,0,0,17001,8913542033,12582912,18943049728,147587072,713836152,1227
1788781754,nifi-1,87417254081,117231488557,0,0,0,0,19231,10082764541,9699328,22812557312,155713536,355546368,1528
1788781756,nifi-2,69224406581,94801420930,0,0,0,0,24310,12745754632,14155776,21604335616,101187584,669859512,1283
1788781768,nifi-0,96961268600,131642671645,0,0,0,0,16347,8570642900,13107200,22371106816,65536000,380422008,1239
1788781770,nifi-1,90175082190,122165179544,0,0,0,0,21111,11068470155,8912896,23700701184,145227776,644080864,1564
1788781772,nifi-2,73937872350,101077380860,0,0,0,0,24242,12710100266,10747904,21180448768,103546880,1505417728,1319
1788781784,nifi-0,100736748986,137007886782,0,0,0,0,16728,8770404571,22020096,25100550144,75497472,1912480296,1267
1788781786,nifi-1,85778792279,116594375768,0,0,0,0,21748,11402462528,18612224,18131976192,150994944,2592335072,1564
1788781788,nifi-2,78822261454,107597144174,0,0,0,0,24256,12717441975,10223616,25769803776,111935488,2479840376,1363
1788781800,nifi-0,99358883046,136876743594,0,0,0,0,16834,8825983740,16515072,25769803776,83099648,2507604720,1313
1788781801,nifi-1,85486195869,116605859482,0,0,0,0,24663,12930835589,12582912,21952200704,173539328,2374542080,1581
1788781803,nifi-2,85849469525,117005841709,0,0,0,0,24200,12688082289,10223616,23675273216,122945536,2689580008,1400
1788781816,nifi-0,107452472668,148336987197,0,0,0,0,20357,10673139752,14680064,22251307008,93061120,2219874816,1349
1788781817,nifi-1,80957281829,110608827242,0,0,0,0,24722,12961768048,10485760,14146863104,68943872,2569577216,1581
1788781819,nifi-2,89985177133,123041670910,0,0,0,0,22827,11968193291,13893632,21111504896,127926272,1533031640,1444
1788781830,nifi-0,106020594638,146642929690,0,0,0,0,21345,11191160879,11010048,23043244032,100401152,670774616,1379
1788781831,nifi-1,74343238338,101540952319,0,0,0,0,24638,12917728051,10485760,13932429312,68943872,2636686080,1581
1788781833,nifi-2,85859955311,117857285135,0,0,0,0,23860,12509812825,12582912,25769541632,136839168,1599320760,1475
1788781845,nifi-0,104463941498,144593407337,0,0,0,0,21634,11342686533,9175040,19538378752,101711872,225230728,1395
1788781845,nifi-1,69692654070,95841677456,0,0,0,0,24640,12918774677,18350080,13639614464,82313216,335917888,1596
1788781848,nifi-2,86365400325,118310313933,0,0,0,0,22452,11771576399,11796480,21229731840,140771328,2373396648,1497
1788781860,nifi-0,106357764680,146466830334,0,0,0,0,17889,9379130876,19922944,20166737920,110362624,1898758024,1395
1788781861,nifi-1,67730718493,93240062757,0,0,0,0,24470,12829643585,10485760,13699907584,81002496,384152384,1596
1788781863,nifi-2,92634484308,126404075597,0,0,0,0,21086,11055365438,9437184,25769803776,164626432,951652512,1539
1788781875,nifi-0,103537525824,143806953601,0,0,0,0,19668,10311888628,11796480,25769803776,119013376,1632172496,1427
1788781877,nifi-1,64434505368,87837179211,0,0,0,0,19262,10099014830,12058624,16630153216,87818240,935703360,1596
1788781879,nifi-2,94174930579,127808245104,0,0,0,0,20260,10622282490,12845056,19758055424,167247872,1488097872,1564
1788781890,nifi-0,95092085134,132540634028,0,0,0,0,19668,10311888628,8912896,11395923968,119013376,2433284560,1427
1788781891,nifi-1,60121123850,81573339811,0,0,0,0,16500,8650858704,8126464,14049083392,74711040,1279636288,1596
1788781893,nifi-2,92089800348,124842783607,0,0,0,0,19150,10040293391,11796480,25769803776,78381056,2543345880,1579
1788781905,nifi-0,92203188587,128666004398,0,0,0,0,19619,10286197606,16777216,15773204480,121110528,1613622272,1441
1788781906,nifi-1,53833174989,73355855539,0,0,0,0,16541,8672354850,13369344,10126884864,76546048,1411756864,1596
1788781908,nifi-2,95915582677,130388325424,0,0,0,0,19323,10131002872,12582912,25718161408,87556096,1789699496,1609
1788781920,nifi-0,95720156821,133923696165,0,0,0,0,22859,11984973042,15990784,22775070720,129499136,2659612872,1457
1788781921,nifi-1,52301695278,71167405225,0,0,0,0,16450,8624644122,8388608,9748086784,75759616,1445311296,1596
1788781923,nifi-2,95230306671,129756509803,0,0,0,0,20540,10769088876,9699328,25769541632,89653248,2723436848,1663
1788781935,nifi-0,92621517189,130201077022,0,0,0,0,24356,12769873726,12058624,17170432000,150470656,1991613312,1494
1788781938,nifi-1,51758038821,69784874500,0,0,0,0,16386,8591090197,13369344,18417975296,84672512,2635204320,1614
1788781939,nifi-2,85408057756,116446977884,0,0,0,0,20070,10522663129,9699328,15831400448,91226112,953586048,1675
1788781951,nifi-0,92706453743,130099893325,0,0,0,0,24400,12792942697,24903680,25769541632,158597120,1788495392,1524
1788781952,nifi-1,54541001086,73847168333,0,0,0,0,16412,8604721100,8912896,25769803776,93585408,1686615384,1647
1788781954,nifi-2,86170894755,116933533983,0,0,0,0,21758,11407704212,12582912,20458766336,97517568,1341995296,1687
1788781966,nifi-0,90504387788,127068348790,0,0,0,0,24640,12918776354,10747904,16668688384,140247040,2270844832,1540
1788781967,nifi-1,54537855358,73781107967,0,0,0,0,16411,8604196799,14155776,9612034048,93323264,1898427736,1647
1788781968,nifi-2,83299361540,112182357100,0,0,0,0,20844,10928480423,10223616,21135622144,99876864,1899837728,1687
1788781980,nifi-0,89371898564,125516401112,0,0,0,0,24532,12862152613,14155776,20262420480,144179200,1762293728,1561
1788781982,nifi-1,57225944414,77412982074,0,0,0,0,16239,8514017300,11272192,14921236480,104857600,1440274584,1669
1788781984,nifi-2,81735376168,110083559059,0,0,0,0,20465,10729765105,9961472,17585143808,115867648,763838400,1702
1788781996,nifi-0,89793969059,125980424917,0,0,0,0,24045,12606808081,14417920,20190068736,153878528,1812654472,1579
1788781998,nifi-1,58179668512,77994485313,0,0,0,0,16368,8581653286,12058624,19997392896,107479040,1372496024,1706
1788782000,nifi-2,81837108294,109996549767,0,0,0,0,20080,10527902733,11796480,17725652992,120586240,2007449536,1702
1788782012,nifi-0,87465016152,122924751135,0,0,0,0,24514,12852714571,13369344,25769541632,161742848,479873928,1626
1788782014,nifi-1,60981523943,81820344316,0,0,0,0,16390,8593187466,9175040,25769803776,124780544,491580960,1745
1788782015,nifi-2,79650863071,105859899026,0,0,0,0,16523,8662917601,12582912,20211040256,112459776,819672112,1718
1788782027,nifi-0,83912190161,117812637195,0,0,0,0,24507,12849044022,11272192,25769803776,168034304,2651076768,1643
1788782030,nifi-1,60572810403,81660133109,0,0,0,0,16404,8600528239,18612224,20350763008,128450560,564215672,1775
1788782031,nifi-2,79667117117,105813238902,0,0,0,0,16360,8577458137,9699328,18113363968,114294784,1685795888,1718
1788782044,nifi-0,86972034834,119999093863,0,0,0,0,24436,12811817455,26214400,25669926912,176160768,1030671344,1701
1788782047,nifi-1,63434900220,86619445672,0,0,0,0,18017,9446247722,22282240,22901948416,140247040,1658673336,1807
1788782049,nifi-2,77677392534,103225776755,0,0,0,0,16409,8603148457,9175040,17484218368,119013376,626461248,1734
1788782060,nifi-0,83763272687,116428493228,0,0,0,0,24702,12951282210,12058624,15950938112,179044352,1750732064,1748
1788782062,nifi-1,60788236442,82299188857,0,0,0,0,19865,10415179799,11534336,25769803776,143654912,1176048504,1849
1788782063,nifi-2,71971945815,95653723381,0,0,0,0,16404,8600527095,8912896,11918901248,119799808,1012337216,1734
1788782075,nifi-0,82059304005,114053393682,0,0,0,0,24034,12601041017,15204352,21552955392,96731136,2287448688,1765
1788782077,nifi-1,57628790218,77949006247,0,0,0,0,20011,10491726627,10223616,13334216704,160956416,1395645048,1864
1788782079,nifi-2,69944998812,92966123305,0,0,0,0,16401,8598954127,10223616,14710210560,122421248,2713127488,1734
1788782091,nifi-0,83199661059,113927623491,0,0,0,0,23470,12305331184,13107200,20588003328,106430464,661655568,1806
1788782092,nifi-1,57240309216,77067684723,0,0,0,0,22986,12051560062,9961472,16402874368,165937152,2128352848,1878
1788782094,nifi-2,72990139761,96902105070,0,0,0,0,16393,8594759706,11534336,19143327744,131334144,1533353480,1762
1788782106,nifi-0,85731508781,116978055017,0,0,0,0,23866,12512956603,11534336,25622740992,116916224,1253573392,1823
1788782107,nifi-1,59601739028,80540663543,0,0,0,0,24651,12924543925,22282240,19905642496,171704320,1327849848,1894
1788782110,nifi-2,73813816424,97323673299,0,0,0,0,16436,8617305221,9961472,25769541632,141557760,439116024,1797
1788782122,nifi-0,82680677650,112151909084,0,0,0,0,21389,11214231917,23592960,22431137792,123731968,2054529984,1839
1788782124,nifi-1,61237035212,82679316754,0,0,0,0,24565,12879452635,12845056,16939745280,150208512,2349162872,1894
1788782126,nifi-2,69152249252,91069727823,0,0,0,0,16669,8739469200,9437184,13907263488,143654912,2142003448,1797
1788782137,nifi-0,82727334979,112428205597,0,0,0,0,22366,11726487930,13107200,25769803776,131596288,1635912936,1904
1788782138,nifi-1,63330044453,85495894824,0,0,0,0,24610,12903047558,12582912,19664732160,153878528,996872712,1914
1788782140,nifi-2,65455924147,86240848923,0,0,0,0,16644,8726361779,9699328,13944750080,144703488,2175557880,1797
1788782151,nifi-0,77549833692,105992284644,0,0,0,0,22486,11789402490,11534336,13097762816,131858432,1154823720,1945
1788782152,nifi-1,65050800946,87793409964,0,0,0,0,24726,12963865460,12320768,17631019008,156499968,2055934472,1914
1788782155,nifi-2,63866148810,85332608713,0,0,0,0,21210,11120382779,13107200,18389139456,148635648,936357952,1833
1788782166,nifi-0,74664065713,102330498899,0,0,0,0,24587,12890988687,20971520,16335765504,151519232,449944072,1964
1788782168,nifi-1,68098626814,90956654137,0,0,0,0,19800,10381095034,20971520,18606194688,163577856,229629032,1928
1788782169,nifi-2,62736262852,84139780648,0,0,0,0,22566,11831347909,11796480,17951883264,155975680,2429530176,1833
1788782182,nifi-0,79021009948,107208693553,0,0,0,0,24328,12755192609,14417920,22088777728,158334976,948234728,1980
1788782182,nifi-1,65778009592,88709379463,0,0,0,0,16489,8645091692,12582912,20442775552,167247872,617602152,1928
1788782184,nifi-2,55440063395,74798677265,0,0,0,0,22636,11868049304,11796480,16205479936,154140672,2731520064,1833
1788782196,nifi-0,81831301203,110511885598,0,0,0,0,21416,11228386744,13107200,23424401408,140509184,1933896168,1980
1788782197,nifi-1,65924290351,88866149258,0,0,0,0,16486,8643518971,9699328,16170876928,173801472,806345832,1928
1788782199,nifi-2,55247632539,74689603573,0,0,0,0,23943,12553328872,12845056,17171480576,159383552,1539309568,1859
1788782210,nifi-0,80293085802,107306396293,0,0,0,0,16407,8602101558,22544384,17228627968,149684224,783668136,2001
1788782211,nifi-1,66441776101,89530448245,0,0,0,0,16509,8655577179,15204352,9952821248,167247872,1175444584,1928
1788782214,nifi-2,51299688519,68801696219,0,0,0,0,20463,10728717231,12845056,18700304384,173801472,2342518784,1859
1788782225,nifi-0,78538279397,104618313659,0,0,0,0,16529,8666063238,9699328,15232139264,154140672,1811272616,2001
1788782228,nifi-1,74066686142,99682615232,0,0,0,0,16372,8583750230,20971520,20575158272,176160768,478239256,1960
1788782229,nifi-2,57232489447,75542047788,0,0,0,0,15981,8378747226,9437184,25769541632,188743680,392699984,1892
1788782243,nifi-0,80803273185,107150750487,0,0,0,0,16347,8570642809,16252928,20926955520,163577856,603174944,2037
1788782245,nifi-1,69341683827,93451740625,0,0,0,0,16506,8654007045,13893632,17641242624,99614720,2557249840,1991
1788782246,nifi-2,56836636459,75146184946,0,0,0,0,15981,8378747226,9437184,13122928640,170131456,1537744976,1892
1788782259,nifi-0,86636124852,114911029441,0,0,0,0,16422,8609964045,16515072,24178851840,177209344,611146968,2066
1788782261,nifi-1,77697993880,105107077968,0,0,0,0,16435,8616780985,15204352,25769803776,115605504,1087219280,2035
1788782263,nifi-2,52595566125,69447488685,0,0,0,0,17111,8971222033,9699328,11704467456,171180032,2506629200,1892
1788782274,nifi-0,88729132091,117842949350,0,0,0,0,16598,8702240774,10747904,15133048832,182190080,2180080152,2098
1788782276,nifi-1,82794722302,111965540612,0,0,0,0,16611,8709058442,12320768,24572067840,121634816,1505667152,2050
1788782279,nifi-2,58151589321,76807200154,0,0,0,0,16434,8616255553,14155776,19482542080,181403648,1487136704,1930
1788782291,nifi-0,93727815277,124477535038,0,0,0,0,16562,8683368902,13369344,21555576832,193986560,2500513624,2128
1788782293,nifi-1,75859766637,104990567381,0,0,0,0,18590,9746676888,11010048,17504927744,140771328,1659691888,2084
1788782295,nifi-2,60649345765,80353594439,0,0,0,0,16407,8602099673,12058624,25769541632,102236160,2098965520,1949
1788782308,nifi-0,92969627944,125552239742,0,0,0,0,20251,10617565029,23855104,23597940736,200278016,1298055792,2175
1788782310,nifi-1,75032970311,103482176284,0,0,0,0,16505,8653482575,20971520,20070531072,150732800,2290038608,2104
1788782313,nifi-2,59710277395,80922879336,0,0,0,0,16392,8594236757,11272192,25769803776,108789760,1722468368,1990
1788782325,nifi-0,91060620703,123447101469,0,0,0,0,22460,11775773030,22806528,22688038912,208404480,2505936592,2193
1788782326,nifi-1,73156738584,101235227064,0,0,0,0,18077,9477702558,12845056,15203041280,136314880,1578114672,2119
1788782328,nifi-2,66030725118,89403550334,0,0,0,0,16587,8696473749,11010048,21262499840,116916224,782752952,2018
1788782341,nifi-0,92952270137,126324459234,0,0,0,0,24526,12859006872,18874368,23625203712,218628096,2219384960,2225
1788782342,nifi-1,65595290804,90437162442,0,0,0,0,16440,8619401463,11010048,11666718720,138412032,1863327344,2119
1788782343,nifi-2,66586476911,90305346390,0,0,0,0,17031,8929269048,12582912,17923047424,120061952,296747008,2040
1788782355,nifi-0,94531988374,128472544858,0,0,0,0,24706,12953378985,12845056,16743137280,137625600,1724833064,2280
1788782356,nifi-1,62108208403,85121277047,0,0,0,0,16459,8629363065,10223616,9902751744,139198464,2001739376,2119
1788782357,nifi-2,65802128647,89112034415,0,0,0,0,16423,8610488801,10485760,15748825088,123994112,401604608,2040
1788782369,nifi-0,98021736922,133363801602,0,0,0,0,24531,12861628013,13107200,25769541632,156762112,972369280,2310
1788782371,nifi-1,66020544649,90026187418,0,0,0,0,16389,8592663425,17039360,15913451520,142606336,1926717216,2132
1788782373,nifi-2,71826872283,97118735970,0,0,0,0,16411,8604196903,11796480,20302004224,130023424,1646627952,2054
1788782385,nifi-0,91898931683,127275971871,0,0,0,0,24579,12886794500,13107200,25769803776,171966464,2326932368,2333
1788782387,nifi-1,72590036543,98883834826,0,0,0,0,16371,8583226085,18087936,23593484288,156499968,599258464,2184
1788782389,nifi-2,72769565247,98450474004,0,0,0,0,16355,8574836697,12320768,25769541632,148373504,1307830696,2081
1788782401,nifi-0,86629724638,119993368256,0,0,0,0,24112,12641939251,13893632,15505031168,144965632,755325040,2345
1788782402,nifi-1,69618353751,94234356373,0,0,0,0,16434,8616256411,11272192,11395661824,158859264,2239231328,2184
1788782403,nifi-2,66082629422,89660453222,0,0,0,0,16474,8637229452,12320768,12949651456,146014208,897363240,2107
1788782414,nifi-0,83613916868,116068370474,0,0,0,0,24736,12969108197,13631488,15473049600,146800640,1491425392,2345
1788782416,nifi-1,69624640150,94230156856,0,0,0,0,17045,8936611589,10485760,14237040640,167772160,970111120,2202
1788782418,nifi-2,63244590969,85815711362,0,0,0,0,16474,8637229452,10485760,10137108480,146014208,937209128,2107
1788782429,nifi-0,78634628841,109453180738,0,0,0,0,24759,12981167471,13369344,16032989184,148111360,1801803888,2345
1788782432,nifi-1,76117049020,103050565204,0,0,0,0,18014,9444673090,22806528,23945805824,170655744,502117624,2232
1788782433,nifi-2,69401956173,94426897169,0,0,0,0,18507,9703156772,12320768,15289286656,169869312,2316927968,2122
1788782445,nifi-0,78873710643,109546516612,0,0,0,0,24764,12983788755,21495808,15350890496,148373504,2074433648,2345
1788782447,nifi-1,79087741255,108217049332,0,0,0,0,17896,9382802816,15728640,25769541632,183238656,365894056,2266
1788782448,nifi-2,68430434428,93035921052,0,0,0,0,20244,10613892829,11534336,17890017280,172752896,1265756320,2142
1788782459,nifi-0,77637950164,107692065912,0,0,0,0,24702,12951282561,13631488,15316549632,148897792,2231720048,2345
1788782461,nifi-1,82502959137,113781932878,0,0,0,0,22867,11989168373,14680064,18155044864,185597952,1801931288,2283
1788782464,nifi-2,70114530450,94678115556,0,0,0,0,19842,10403118588,15204352,19527892992,158859264,1434874816,2157
1788782475,nifi-0,74829254458,104065411298,0,0,0,0,24642,12919825437,13631488,15327297536,149684224,2514835568,2345
1788782476,nifi-1,79595602738,111451222039,0,0,0,0,23928,12545463148,12845056,19170852864,191102976,279092528,2298
1788782478,nifi-2,75519583077,101467422169,0,0,0,0,18027,9451487664,15728640,25769541632,167510016,2269614912,2172
1788782489,nifi-0,70556745993,98136046725,0,0,0,0,24284,12732118425,21757952,15097135104,149946368,299207840,2361
1788782490,nifi-1,79470818086,111315949339,0,0,0,0,23890,12525538618,20447232,13054509056,189530112,444767536,2298
1788782491,nifi-2,74367704908,99770255750,0,0,0,0,18027,9451487664,11272192,19899613184,168558592,864612320,2190
1788782502,nifi-0,67211638182,94633569574,0,0,0,0,23693,12422249215,14942208,16224878592,153616384,729124000,2361
1788782503,nifi-1,79052424783,110677345391,0,0,0,0,23754,12454234345,12845056,12982943744,189792256,490904880,2298
1788782504,nifi-2,73180697194,98048444649,0,0,0,0,18027,9451487664,11272192,17230725120,168558592,885583840,2190
1788782515,nifi-0,66223839368,93509431583,0,0,0,0,23401,12269149215,13631488,17374642176,154664960,1240829088,2361
1788782516,nifi-1,77078429191,108199985141,0,0,0,0,23750,12452135490,12845056,13103529984,208928768,767728944,2298
1788782518,nifi-2,73556557012,99378517883,0,0,0,0,17964,9418457416,14942208,16692805632,177209344,891936224,2202
1788782530,nifi-0,63754382867,90127653005,0,0,0,0,23133,12128635819,13107200,14078181376,155975680,1322618016,2361
1788782530,nifi-1,67873800848,95870372935,0,0,0,0,23614,12380830749,20185088,13034061824,209190912,836934960,2298
1788782533,nifi-2,74659403957,101215395354,0,0,0,0,16417,8607342527,11010048,25138561024,183500800,1651144672,2218
1788782544,nifi-0,57538784008,82055920953,0,0,0,0,23917,12539695967,21495808,15590752256,157024256,2174061728,2361
1788782545,nifi-1,65434779428,92221234985,0,0,0,0,21633,11342162999,13369344,14234157056,186646528,1132633392,2298
1788782547,nifi-2,75412297112,102881092637,0,0,0,0,16563,8683894321,11010048,25769803776,187432960,1799386080,2265
1788782559,nifi-0,49369650452,71202230583,0,0,0,0,23889,12525014434,13631488,14892400640,157810688,2438302880,2361
1788782560,nifi-1,58640947338,81813841974,0,0,0,0,16829,8823360779,13369344,13555990528,191627264,1533189424,2298
1788782563,nifi-2,83548930493,113791935573,0,0,0,0,16693,8752052489,17563648,22183149568,197918720,1633614792,2288
1788782575,nifi-0,46963629549,67915346586,0,0,0,0,24199,12687551865,22020096,15210905600,158859264,501041488,2376
1788782576,nifi-1,53851987646,75388985214,0,0,0,0,16462,8630936137,11010048,9699852288,194510848,1736613168,2298
1788782578,nifi-2,79801215947,111211717531,0,0,0,0,17014,8920359207,12845056,25769803776,206307328,2431634792,2314
1788782589,nifi-0,38893585125,57244633794,0,0,0,0,24381,12782979600,13893632,16822829056,197394432,1373456720,2376
1788782591,nifi-1,55566474445,75402724277,0,0,0,0,16363,8579031742,11272192,15209857024,198967296,1619482936,2312
1788782593,nifi-2,74250446798,103626573272,0,0,0,0,17014,8920359207,12320768,13396606976,206569472,995153984,2329
1788782604,nifi-0,34170721913,48843249026,0,0,0,0,24091,12630928618,22544384,16123691008,199753728,1757235536,2376
1788782606,nifi-1,58847544929,79858281040,0,0,0,0,16328,8560680752,19398656,25194921984,212074496,1111146160,2340
1788782608,nifi-2,72338835173,100890733461,0,0,0,0,17769,9316218201,11272192,12133859328,204472320,2014369856,2329
1788782619,nifi-0,30271012155,43108434756,0,0,0,0,23989,12577448447,14680064,15270150144,155975680,2216511824,2376
1788782620,nifi-1,58385113683,79252707509,0,0,0,0,16618,8712727327,14155776,16141778944,131072000,2029073040,2368
1788782622,nifi-2,70222197287,97691388582,0,0,0,0,20638,10820469854,14680064,16218849280,208666624,1825876672,2342
1788782634,nifi-0,26135883604,37190624786,0,0,0,0,22757,11931493794,15990784,17485266944,158334976,459937616,2390
1788782636,nifi-1,57509510564,78303681983,0,0,0,0,16535,8669212463,11272192,14008713216,143392768,2129736336,2368
1788782638,nifi-2,68890472149,95835342190,0,0,0,0,21486,11265090258,13631488,18380488704,212074496,372797664,2357
1788782649,nifi-0,25677735816,35288576770,0,0,0,0,16435,8616780088,22544384,19159580672,167247872,1057625936,2390
1788782651,nifi-1,66367493604,91198902154,0,0,0,0,22850,11980256660,24641536,23019913216,140771328,684914872,2412
1788782653,nifi-2,67265656499,93738626780,0,0,0,0,21617,11333776055,13107200,16255811584,213385216,987263200,2357
1788782665,nifi-0,21592906517,29861469090,0,0,0,0,16465,8632508286,12845056,12999983104,169869312,2431260496,2390
1788782665,nifi-1,66620183442,91986372200,0,0,0,0,24705,12952854736,15728640,17280794624,147324928,2268264632,2412
1788782667,nifi-2,63971484613,89269968251,0,0,0,0,20338,10663175420,13107200,14184087552,234094592,1402499296,2357
1788782679,nifi-0,26077777492,33960575234,0,0,0,0,16459,8629362844,17301504,18801491968,181141504,1247278464,2423
1788782681,nifi-1,60291345343,83602168322,0,0,0,0,24723,12962292479,15728640,18614583296,150470656,1430506024,2432
1788782683,nifi-2,62184716439,86182921598,0,0,0,0,16403,8600002898,17825792,21306802176,138149888,1237354664,2371
1788782695,nifi-0,33197260238,43159560650,0,0,0,0,16465,8632509794,26738688,24545329152,187957248,1689993792,2453
1788782697,nifi-1,63360606647,87828085069,0,0,0,0,24330,12756242290,28835840,25769541632,161218560,300422840,2468
1788782699,nifi-2,59773456699,82832602471,0,0,0,0,16457,8628314151,12058624,18849726464,160432128,1977649320,2371
1788782712,nifi-0,37623409514,48990911304,0,0,0,0,16469,8634608623,12845056,23876599808,197656576,513071928,2486
1788782714,nifi-1,68708485180,96434021847,0,0,0,0,23821,12489372366,13631488,24136122368,166461440,1380849048,2500
1788782716,nifi-2,67283544275,92796544099,0,0,0,0,16376,8585847356,14942208,20311179264,170131456,973912368,2399
1788782729,nifi-0,45263525428,60304377953,0,0,0,0,16490,8645619165,12582912,22877831168,210763776,1583258864,2518
1788782731,nifi-1,61106130638,87564275164,0,0,0,0,24565,12879451829,25690112,20166213632,193462272,590560224,2537
1788782733,nifi-2,69580004300,95617349025,0,0,0,0,16353,8573788069,14155776,25365839872,159383552,321861416,2428
1788782745,nifi-0,52788802211,70514195742,0,0,0,0,17565,9209256858,19922944,25113395200,219676672,1428220768,2547
1788782746,nifi-1,56204962290,79827636659,0,0,0,0,24536,12864245683,14417920,15536488448,195297280,749943776,2537
1788782749,nifi-2,74552503831,101827291242,0,0,0,0,16392,8594235210,11796480,23512219648,168034304,2147460264,2441
1788782760,nifi-0,54930557938,73641666027,0,0,0,0,18829,9871985854,14417920,24125636608,224133120,1262211376,2564
1788782761,nifi-1,50500114830,71239064071,0,0,0,0,24330,12756239417,14155776,13973061632,168296448,825441248,2537
1788782763,nifi-2,71629515369,98028669332,0,0,0,0,16751,8782464976,14680064,25769803776,174325760,1131473616,2476
1788782774,nifi-0,55096757754,73912727837,0,0,0,0,19024,9974227656,13107200,11673796608,226754560,1692127536,2564
1788782775,nifi-1,49974774133,70388651476,0,0,0,0,24255,12716914684,21757952,13798998016,168296448,982727648,2537
1788782777,nifi-2,71968714976,98933059814,0,0,0,0,16871,8845380732,17301504,19436666880,181665792,345380112,2518
1788782789,nifi-0,57528432122,77655182447,0,0,0,0,21243,11137680630,22020096,15880421376,229376000,1306064536,2580
1788782790,nifi-1,50527906488,71172483785,0,0,0,0,24663,12930834939,15204352,14701297664,169345024,1490238432,2537
1788782792,nifi-2,77386839079,106154868979,0,0,0,0,16780,8797671005,13107200,25769803776,191365120,1875906456,2545
1788782803,nifi-0,57458163438,77668798192,0,0,0,0,21560,11303887531,14680064,16757817344,231997440,1916335768,2580
1788782806,nifi-1,53900211690,75698305371,0,0,0,0,24666,12932407712,17039360,19269943296,173539328,814269736,2556
1788782808,nifi-2,82391291552,112975579221,0,0,0,0,16954,8888897338,13369344,22386311168,197918720,2756089488,2559
1788782820,nifi-0,58819230465,79669530093,0,0,0,0,22571,11833972703,15204352,15864168448,234356736,854747152,2602
1788782821,nifi-1,58908888991,81965397268,0,0,0,0,22461,11776293912,16777216,18521260032,182976512,623884184,2577
1788782824,nifi-2,82572682564,113408633010,0,0,0,0,17185,9010016797,19136512,22487760896,205258752,1661609504,2586
1788782835,nifi-0,61825019875,84049028306,0,0,0,0,24640,12918776900,15728640,20199243776,234618880,560965904,2618
1788782838,nifi-1,62888327159,87266139216,0,0,0,0,22739,11922056662,16777216,23228317696,187432960,376525080,2593
1788782839,nifi-2,82577407955,112699802498,0,0,0,0,16337,8565398759,15728640,23537647616,214433792,337224560,2613
1788782852,nifi-0,62969579917,85434788843,0,0,0,0,24457,12822829076,14942208,17906794496,237502464,1823451408,2618
1788782854,nifi-1,67227928030,93997124671,0,0,0,0,22131,11603275336,29097984,25769803776,196870144,2594384440,2608
1788782856,nifi-2,78192678718,106725847601,0,0,0,0,16337,8565398759,12582912,10287579136,214433792,385459056,2613
1788782868,nifi-0,69854182094,94589204098,0,0,0,0,24550,12871588978,30408704,25769803776,162267136,1384320224,2653
1788782869,nifi-1,70447092334,98975878868,0,0,0,0,22171,11624247155,17825792,25769541632,203423744,2673125800,2637
1788782871,nifi-2,74289782360,100430528314,0,0,0,0,16344,8569068723,12845056,15755640832,220463104,2658771824,2613
1788782882,nifi-0,69102332029,93617134119,0,0,0,0,24523,12857432942,15466496,14177009664,162791424,543809248,2670
1788782885,nifi-1,75427428820,105778763500,0,0,0,0,22213,11646266770,17563648,21166292992,213385216,2122988048,2679
1788782887,nifi-2,79994180945,106814545587,0,0,0,0,16382,8588992915,18612224,21342715904,228851712,876314688,2643
1788782900,nifi-0,70040833601,94891203034,0,0,0,0,24576,12885220414,14942208,17244880896,164626432,1829363424,2670
1788782903,nifi-1,69804829758,100024428738,0,0,0,0,21776,11417142423,15990784,25769803776,218890240,2712385232,2705
1788782905,nifi-2,84945676079,114924474496,0,0,0,0,16371,8583232065,16777216,25769541632,239075328,671017824,2670
1788782918,nifi-0,78329517301,105759588938,0,0,0,0,23720,12436407786,19660800,22076719104,178520064,1428594352,2703
1788782919,nifi-1,66580361331,95967835396,0,0,0,0,23252,12191027937,15990784,17387225088,223870976,417413712,2734
1788782921,nifi-2,85836967967,117466247004,0,0,0,0,21380,11209514508,17563648,22169255936,243269632,1334789752,2703
1788782933,nifi-0,79623486371,107676443911,0,0,0,0,23735,12444272951,29622272,25769803776,186384384,2170147032,2739
1788782934,nifi-1,67758455174,97586360240,0,0,0,0,24002,12584266622,24117248,17855938560,225181696,1465989712,2734
1788782936,nifi-2,86631266471,118847768244,0,0,0,0,23947,12555424737,15466496,20284702720,270008320,998729416,2721
1788782947,nifi-0,75856293414,103846242677,0,0,0,0,23735,12444272951,15466496,14330101760,187170816,2216284376,2739
1788782949,nifi-1,61455374202,88420510528,0,0,0,0,24457,12822825657,16777216,18154520576,270008320,236218720,2754
1788782950,nifi-2,85670751576,117467799783,0,0,0,0,23689,12420153779,15466496,13737656320,273416192,1074226888,2721
1788782962,nifi-0,76967799249,105576435730,0,0,0,0,24740,12971205570,16252928,17386700800,183500800,1215083080,2754
1788782963,nifi-1,60741326459,86657868910,0,0,0,0,23300,12216195425,16252928,18484822016,273678336,1182034272,2754
1788782964,nifi-2,85472565148,117259123019,0,0,0,0,23513,12327873761,15728640,13075480576,273940480,1214736072,2721
1788782976,nifi-0,74899972563,102501924890,0,0,0,0,23361,12248178995,18612224,23276290048,190054400,960578384,2769
1788782978,nifi-1,60573550048,86532031418,0,0,0,0,23291,12211475052,24903680,19707723776,230686720,2115266912,2754
1788782979,nifi-2,80093697242,110957375230,0,0,0,0,23314,12223534612,15204352,13264224256,262144000,1439131336,2721
1788782991,nifi-0,73148824929,100214387303,0,0,0,0,22102,11588066317,29097984,25151143936,200802304,1802049984,2784
1788782993,nifi-1,58434906470,83858561131,0,0,0,0,24588,12891513560,18350080,21080571904,227016704,1984323152,2771
1788782994,nifi-2,78375565777,108641513026,0,0,0,0,23095,12108709404,15204352,13349683200,158334976,1604806344,2721
1788783006,nifi-0,69118524975,94714408076,0,0,0,0,22001,11535112514,16252928,15807021056,202375168,1040970576,2797
1788783007,nifi-1,58377223545,82068629276,0,0,0,0,24669,12933980667,18087936,25322848256,234356736,1359845616,2789
1788783008,nifi-2,74255086051,103126325443,0,0,0,0,22777,11941979697,15204352,13039042560,158859264,1680303816,2721
1788783022,nifi-0,67729132902,91728000266,0,0,0,0,21578,11313329265,18087936,23371972608,209977344,1404903088,2810
1788783024,nifi-1,57370567341,79734975262,0,0,0,0,24575,12884696009,18350080,23539744768,159121408,868799784,2825
1788783025,nifi-2,66429896837,92585130715,0,0,0,0,22478,11785210019,15466496,13379305472,159383552,1831298760,2721
1788783037,nifi-0,65242391563,88227224380,0,0,0,0,21293,11163897864,16252928,25769803776,219152384,678531472,2838
1788783039,nifi-1,59405407992,81885209089,0,0,0,0,23156,12140694664,15466496,22539403264,158597120,2278085928,2825
1788783040,nifi-2,62961126140,87910411740,0,0,0,0,22368,11727536649,16777216,15531769856,162529280,578789160,2737
1788783052,nifi-0,58724290592,79381122969,0,0,0,0,21293,11163897864,14942208,21692678144,219152384,1154584976,2838
1788783054,nifi-1,62794559960,85389787734,0,0,0,0,17768,9315693120,13893632,25769803776,167510016,583551920,2869
1788783056,nifi-2,59569390159,83847503113,0,0,0,0,24690,12944990793,17039360,19792396288,167510016,298837944,2754
1788783067,nifi-0,63059732909,85205650326,0,0,0,0,22209,11644167824,26214400,19504037888,225181696,1565808560,2851
1788783069,nifi-1,74435613425,100973775013,0,0,0,0,17848,9357637434,21757952,25769541632,171966464,2130891808,2898
1788783071,nifi-2,56793746125,80039991551,0,0,0,0,24662,12930310404,15990784,14593032192,168034304,472901560,2754
1788783082,nifi-0,61758430385,83338084392,0,0,0,0,22690,11896362767,15990784,15392571392,228327424,2190759856,2851
1788783083,nifi-1,77455055526,106189009566,0,0,0,0,18524,9712076142,16515072,25769541632,185860096,1215214048,2952
1788783084,nifi-2,47762661426,67978298404,0,0,0,0,24650,12924019052,16252928,14259847168,169082880,621799352,2754
1788783096,nifi-0,61058494803,82250158283,0,0,0,0,23403,12270200378,16252928,16508256256,228589568,484173384,2864
1788783097,nifi-1,78574963736,108660559748,0,0,0,0,18605,9754544965,24117248,25769803776,193462272,1471050864,3000
1788783098,nifi-2,45508707417,64610700848,0,0,0,0,24695,12947611882,15990784,14628945920,169082880,873457592,2754
1788783110,nifi-0,62790785632,84590666053,0,0,0,0,23585,12365624473,15728640,18378129408,231735296,1922819656,2864
1788783111,nifi-1,82451044628,115084776481,0,0,0,0,24704,12952330734,29360128,23990370304,199753728,375585112,3034
1788783113,nifi-2,40461244920,58168507198,0,0,0,0,24670,12934505150,15990784,14593294336,169607168,1032841144,2754
1788783124,nifi-0,63170930793,84750619679,0,0,0,0,23221,12174774242,18087936,20050083840,235405312,1336059264,2880
1788783126,nifi-1,80499043860,112744753882,0,0,0,0,24614,12905145126,15990784,15157952512,202899456,537065816,3034
1788783127,nifi-2,33527882711,48959563222,0,0,0,0,24629,12913008900,16252928,14357102592,169869312,1164961720,2754
1788783138,nifi-0,63804814862,85552291690,0,0,0,0,24089,12629878521,17301504,16612327424,240910336,298292496,2893
1788783140,nifi-1,78213629191,109609936103,0,0,0,0,23766,12460524488,24903680,17041457152,206569472,2116221272,3034
1788783141,nifi-2,30874919066,45425730048,0,0,0,0,24614,12905144502,15990784,14232059904,219414528,1490020280,2754
1788783153,nifi-0,62578466087,83979882467,0,0,0,0,24531,12861627220,16252928,18319409152,243531776,1111987472,2893
1788783154,nifi-1,74479541518,104438682722,0,0,0,0,24666,12932407946,25952256,18714984448,211288064,493861920,3045
1788783155,nifi-2,31112427042,45736644337,0,0,0,0,24605,12900426196,16252928,14477688832,213123072,1664083896,2754
1788783167,nifi-0,61189070257,82082417115,0,0,0,0,24401,12793468246,20185088,25769541632,249561088,484762296,2932
1788783168,nifi-1,69556879364,97735416580,0,0,0,0,24682,12940796580,16515072,18917883904,209977344,632273952,3045
1788783169,nifi-2,28456319047,42210152521,0,0,0,0,24609,12902523218,16252928,14182776832,214433792,1827661752,2754
1788783181,nifi-0,66078175795,88693929997,0,0,0,0,24532,12862150897,19660800,20325597184,274726912,371075840,2964
1788783183,nifi-1,69371802268,97279802339,0,0,0,0,24484,12836985346,18087936,19732103168,215744512,2591013920,3045
1788783184,nifi-2,22434197449,34216558790,0,0,0,0,24709,12954952239,16252928,14365229056,162791424,2062542776,2754
1788783195,nifi-0,70317674175,94359596881,0,0,0,0,24536,12864247334,18350080,25769541632,282591232,871340784,2979
1788783197,nifi-1,68042714898,94377818040,0,0,0,0,22668,11884831499,28573696,25769541632,218628096,1082257256,3071
1788783198,nifi-2,17343758949,27385357991,0,0,0,0,24654,12926116074,16515072,14225244160,163577856,2240800696,2754
1788783209,nifi-0,62876266637,84432879701,0,0,0,0,24536,12864247334,16515072,23391895552,282591232,2045745904,2979
1788783211,nifi-1,67771129632,93178236228,0,0,0,0,22614,11856517750,18350080,25769803776,219676672,1840396904,3083
1788783212,nifi-2,15465734425,22061666074,0,0,0,0,24719,12960195158,16252928,13959692288,163840000,2502944696,2754
1788783224,nifi-0,57184972197,76958864946,0,0,0,0,24507,12849044282,16515072,15258091520,259260416,2588908272,2979
1788783225,nifi-1,65038495102,89250157146,0,0,0,0,22640,11870149134,15728640,13525057536,222560256,2060597864,3083
1788783227,nifi-2,9865747802,13567470864,0,0,0,0,24622,12909339196,16777216,14339014656,164364288,2653939640,2754
1788783239,nifi-0,63973636144,85714825832,0,0,0,0,23336,12235072757,20709376,23707779072,268959744,1048051136,3011
1788783242,nifi-1,69783443605,95243028505,0,0,0,0,22067,11569717498,17825792,21663580160,230162432,423287736,3112
1788783243,nifi-2,10468174344,14243311675,0,0,0,0,24611,12903571820,16777216,15448408064,165150720,631246856,2773
1788783255,nifi-0,66935407501,89746218133,0,0,0,0,24245,12711673949,29360128,25769541632,187957248,2608930800,3029
1788783256,nifi-1,72283836816,98603315968,0,0,0,0,21322,11179103438,28573696,25769803776,236716032,1060334792,3131
1788783259,nifi-2,15501464035,20922989849,0,0,0,0,24495,12842751630,19136512,21452292096,178520064,932204680,2791
1788783270,nifi-0,63627072013,85294852684,0,0,0,0,24245,12711673949,25952256,23455072256,187957248,2657165296,3029
1788783272,nifi-1,75348321288,103429484209,0,0,0,0,24714,12957573666,19660800,19392626688,244056064,2056201224,3149
1788783274,nifi-2,20316120079,27449564968,0,0,0,0,24318,12749950301,16515072,25769803776,180617216,267949432,2827
1788783286,nifi-0,63500687925,85577409986,0,0,0,0,24713,12957049300,22020096,22911909888,197918720,1100371992,3063
1788783288,nifi-1,76654459040,103760478911,0,0,0,0,18101,9490289318,18087936,18798084096,250085376,479336232,3172
1788783290,nifi-2,25127099958,34031708635,0,0,0,0,24707,12953903702,28573696,24399839232,191889408,1803333816,2848
1788783302,nifi-0,63365933754,85162682721,0,0,0,0,24547,12870016270,18350080,25769541632,201850880,483228096,3079
1788783304,nifi-1,79177941801,106891149641,0,0,0,0,16444,8621498485,22544384,16591093760,261881856,1807422704,3210
1788783306,nifi-2,26119074902,37319564976,0,0,0,0,24638,12917727700,18087936,22809935872,190840832,566498360,2882
1788783318,nifi-0,66082336455,88854328468,0,0,0,0,24476,12832791003,18087936,25769541632,210501632,2076145296,3095
1788783320,nifi-1,82423363847,111227171210,0,0,0,0,16346,8570118846,16252928,24516493312,285212672,1274240368,3245
1788783323,nifi-2,31704976872,44740613136,0,0,0,0,24419,12802904663,20185088,21629501440,197918720,1262277648,2902
